"1","0.000000","192.53.53.104","74.125.250.243","RTCP","114","Receiver Report   "
"2","0.005985","74.125.250.243","192.53.53.104","UDP","167","3478 → 42934 Len=125"
"3","0.005986","74.125.250.243","192.53.53.104","UDP","149","3478 → 42934 Len=107"
"4","0.005987","74.125.250.243","192.53.53.104","UDP","91","3478 → 42934 Len=49"
"5","0.005987","74.125.250.243","192.53.53.104","UDP","87","3478 → 42934 Len=45"
"6","0.062760","192.53.53.104","74.125.250.243","UDP","90","42934 → 3478 Len=48"
"7","0.074769","74.125.250.243","192.53.53.104","UDP","1041","3478 → 42934 Len=999"
"8","0.078095","192.53.53.104","74.125.250.243","RTCP","114","Receiver Report   "
"9","0.080097","192.53.53.104","163.70.158.14","SSL","4206",""
"10","0.080155","192.53.53.104","163.70.158.14","TLSv1.2","992","Application Data"
"11","0.090831","74.125.250.243","192.53.53.104","UDP","1031","3478 → 42934 Len=989"
"12","0.111900","163.70.158.14","192.53.53.104","TCP","66","443 → 59294 [ACK] Seq=1 Ack=2761 Win=2040 Len=0 TSval=3599356832 TSecr=1524064104"
"13","0.112186","163.70.158.14","192.53.53.104","TCP","66","443 → 59294 [ACK] Seq=1 Ack=4141 Win=2043 Len=0 TSval=3599356832 TSecr=1524064104"
"14","0.112187","163.70.158.14","192.53.53.104","TCP","66","443 → 59294 [ACK] Seq=1 Ack=5067 Win=2041 Len=0 TSval=3599356832 TSecr=1524064104"
"15","0.125022","192.53.53.104","74.125.250.243","UDP","86","42934 → 3478 Len=44"
"16","0.127692","192.53.53.104","74.125.250.243","UDP","90","42934 → 3478 Len=48"
"17","0.144916","74.125.250.243","192.53.53.104","RTCP","322","Sender Report   "
"18","0.148780","192.53.53.104","74.125.250.243","UDP","95","42934 → 3478 Len=53"
"19","0.172762","74.125.250.243","192.53.53.104","UDP","984","3478 → 42934 Len=942"
"20","0.187565","192.53.53.104","74.125.250.243","UDP","86","42934 → 3478 Len=44"
"21","0.199050","74.125.250.243","192.53.53.104","RTCP","106","Application specific   subtype=13Negative Acknowledgement (H.261)   "
"22","0.260252","163.70.158.14","192.53.53.104","TLSv1.2","98","Application Data"
"23","0.260281","192.53.53.104","163.70.158.14","TCP","66","59294 → 443 [ACK] Seq=5067 Ack=33 Win=2112 Len=0 TSval=1524064284 TSecr=3599356984"
"24","0.276109","163.70.158.14","192.53.53.104","TLSv1.2","110","Application Data"
"25","0.276135","192.53.53.104","163.70.158.14","TCP","66","59294 → 443 [ACK] Seq=5067 Ack=77 Win=2112 Len=0 TSval=1524064300 TSecr=3599356995"
"26","0.276670","192.53.53.104","163.70.158.14","TLSv1.2","102","Application Data"
"27","0.308101","163.70.158.14","192.53.53.104","TCP","66","443 → 59294 [ACK] Seq=77 Ack=5103 Win=2043 Len=0 TSval=3599357030 TSecr=1524064300"
"28","0.350121","74.125.250.243","192.53.53.104","UDP","167","3478 → 42934 Len=125"
"29","0.351809","74.125.250.243","192.53.53.104","UDP","149","3478 → 42934 Len=107"
"30","0.368419","74.125.250.243","192.53.53.104","UDP","87","3478 → 42934 Len=45"
"31","0.371611","74.125.250.243","192.53.53.104","UDP","91","3478 → 42934 Len=49"
"32","0.374943","192.53.53.104","74.125.250.243","UDP","90","42934 → 3478 Len=48"
"33","0.466157","192.53.53.104","74.125.250.243","DTLSv1.2","219","Application Data"
"34","0.466238","192.53.53.104","74.125.250.243","DTLSv1.2","219","Application Data"
"35","0.499769","74.125.250.243","192.53.53.104","DTLSv1.2","107","Application Data"
"36","0.500810","74.125.250.243","192.53.53.104","DTLSv1.2","343","Application Data"
"37","0.500811","74.125.250.243","192.53.53.104","DTLSv1.2","483","Application Data"
"38","0.501161","192.53.53.104","74.125.250.243","DTLSv1.2","107","Application Data"
"39","0.549118","192.53.53.104","74.125.250.243","UDP","168","42934 → 3478 Len=126"
"40","0.570704","192.53.53.104","74.125.250.243","UDP","173","42934 → 3478 Len=131"
"41","0.599090","74.125.250.243","192.53.53.104","RTCP","106","Application specific   subtype=13"
"42","0.649014","74.125.250.243","192.53.53.104","RTCP","106","Application specific   subtype=13"
"43","0.666704","192.53.53.104","74.125.250.243","RTCP","118","Sender Report   "
"44","0.666804","192.53.53.104","74.125.250.243","UDP","204","42934 → 3478 Len=162"
"45","0.687717","192.53.53.104","74.125.250.243","UDP","331","42934 → 3478 Len=289"
"46","0.708302","192.53.53.104","74.125.250.243","UDP","300","42934 → 3478 Len=258"
"47","0.718715","192.53.53.104","74.125.250.243","RTCP","114","Receiver Report   "
"48","0.729632","192.53.53.104","74.125.250.243","UDP","253","42934 → 3478 Len=211"
"49","0.745468","192.53.53.104","74.125.250.243","UDP","253","42934 → 3478 Len=211"
"50","0.750885","74.125.250.243","192.53.53.104","RTCP","110","Application specific   subtype=13"
"51","0.766811","192.53.53.104","74.125.250.243","UDP","253","42934 → 3478 Len=211"
"52","0.767651","74.125.250.243","192.53.53.104","UDP","167","3478 → 42934 Len=125"
"53","0.771685","74.125.250.243","192.53.53.104","UDP","168","3478 → 42934 Len=126"
"54","0.788132","192.53.53.104","74.125.250.243","UDP","253","42934 → 3478 Len=211"
"55","0.791674","74.125.250.243","192.53.53.104","UDP","91","3478 → 42934 Len=49"
"56","0.793877","74.125.250.243","192.53.53.104","UDP","87","3478 → 42934 Len=45"
"57","0.799249","74.125.250.243","192.53.53.104","RTCP","106","Application specific   subtype=13"
"58","0.809695","192.53.53.104","74.125.250.243","UDP","253","42934 → 3478 Len=211"
"59","0.812440","192.53.53.104","74.125.250.243","UDP","90","42934 → 3478 Len=48"
"60","0.825786","192.53.53.104","74.125.250.243","UDP","253","42934 → 3478 Len=211"
"61","0.846940","192.53.53.104","74.125.250.243","UDP","253","42934 → 3478 Len=211"
"62","0.849348","74.125.250.243","192.53.53.104","RTCP","110","Application specific   subtype=13"
"63","0.868320","192.53.53.104","74.125.250.243","UDP","249","42934 → 3478 Len=207"
"64","0.889459","192.53.53.104","74.125.250.243","UDP","238","42934 → 3478 Len=196"
"65","0.905265","192.53.53.104","74.125.250.243","UDP","245","42934 → 3478 Len=203"
"66","0.923897","74.125.250.243","192.53.53.104","RTCP","106","Application specific   subtype=13"
"67","0.926762","192.53.53.104","74.125.250.243","UDP","268","42934 → 3478 Len=226"
"68","0.948082","192.53.53.104","74.125.250.243","UDP","265","42934 → 3478 Len=223"
"69","0.949840","74.125.250.243","192.53.53.104","RTCP","106","Application specific   subtype=13Unknown   [Malformed Packet]"
"70","0.969463","192.53.53.104","74.125.250.243","UDP","253","42934 → 3478 Len=211"
"71","0.986438","192.53.53.104","74.125.250.243","UDP","303","42934 → 3478 Len=261"
"72","0.999462","74.125.250.243","192.53.53.104","RTCP","110","Application specific   subtype=13"
"73","1.007032","192.53.53.104","74.125.250.243","UDP","302","42934 → 3478 Len=260"
"74","1.028493","192.53.53.104","74.125.250.243","UDP","252","42934 → 3478 Len=210"
"75","1.049849","192.53.53.104","74.125.250.243","UDP","257","42934 → 3478 Len=215"
"76","1.054198","74.125.250.243","192.53.53.104","RTCP","110","Application specific   subtype=13"
"77","1.065585","192.53.53.104","74.125.250.243","UDP","257","42934 → 3478 Len=215"
"78","1.087191","192.53.53.104","74.125.250.243","UDP","253","42934 → 3478 Len=211"
"79","1.099751","74.125.250.243","192.53.53.104","RTCP","106","Application specific   subtype=13"
"80","1.108248","192.53.53.104","74.125.250.243","UDP","248","42934 → 3478 Len=206"
"81","1.129571","192.53.53.104","74.125.250.243","UDP","246","42934 → 3478 Len=204"
"82","1.145637","192.53.53.104","74.125.250.243","UDP","249","42934 → 3478 Len=207"
"83","1.148234","74.125.250.243","192.53.53.104","RTCP","322","Sender Report   "
"84","1.149558","74.125.250.243","192.53.53.104","RTCP","110","Application specific   subtype=13"
"85","1.166925","192.53.53.104","74.125.250.243","UDP","247","42934 → 3478 Len=205"
"86","1.188206","192.53.53.104","74.125.250.243","UDP","242","42934 → 3478 Len=200"
"87","1.189513","74.125.250.243","192.53.53.104","UDP","167","3478 → 42934 Len=125"
"88","1.191552","74.125.250.243","192.53.53.104","UDP","145","3478 → 42934 Len=103"
"89","1.200489","74.125.250.243","192.53.53.104","RTCP","106","Application specific   subtype=13"
"90","1.207936","74.125.250.243","192.53.53.104","UDP","87","3478 → 42934 Len=45"
"91","1.209632","192.53.53.104","74.125.250.243","UDP","240","42934 → 3478 Len=198"
"92","1.212185","74.125.250.243","192.53.53.104","UDP","1020","3478 → 42934 Len=978"
"93","1.212186","74.125.250.243","192.53.53.104","UDP","91","3478 → 42934 Len=49"
"94","1.225496","192.53.53.104","74.125.250.243","UDP","236","42934 → 3478 Len=194"
"95","1.234295","192.53.53.104","74.125.250.243","STUN","166","Binding Request user: gKr-PsS_9qryeAoKAAiKYigCIAQQ:Pk2y"
"96","1.246842","192.53.53.104","74.125.250.243","UDP","236","42934 → 3478 Len=194"
"97","1.249855","192.53.53.104","74.125.250.243","UDP","90","42934 → 3478 Len=48"
"98","1.252423","74.125.250.243","192.53.53.104","RTCP","110","Application specific   subtype=13"
"99","1.268193","192.53.53.104","74.125.250.243","UDP","229","42934 → 3478 Len=187"
"100","1.269995","74.125.250.243","192.53.53.104","STUN","106","Binding Success Response XOR-MAPPED-ADDRESS: 118.71.137.48:7744"
"101","1.289539","192.53.53.104","74.125.250.243","UDP","208","42934 → 3478 Len=166"
"102","1.299913","74.125.250.243","192.53.53.104","RTCP","106","Application specific   subtype=13"
"103","1.305533","192.53.53.104","74.125.250.243","UDP","188","42934 → 3478 Len=146"
"104","1.326998","192.53.53.104","74.125.250.243","UDP","177","42934 → 3478 Len=135"
"105","1.348279","192.53.53.104","74.125.250.243","UDP","172","42934 → 3478 Len=130"
"106","1.353964","74.125.250.243","192.53.53.104","RTCP","110","Application specific   subtype=13"
"107","1.369504","192.53.53.104","74.125.250.243","UDP","210","42934 → 3478 Len=168"
"108","1.385299","192.53.53.104","74.125.250.243","UDP","175","42934 → 3478 Len=133"
"109","1.400222","74.125.250.243","192.53.53.104","RTCP","106","Application specific   subtype=13"
"110","1.406555","192.53.53.104","74.125.250.243","UDP","97","42934 → 3478 Len=55"
"111","1.428044","192.53.53.104","74.125.250.243","UDP","232","42934 → 3478 Len=190"
"112","1.449385","192.53.53.104","74.125.250.243","UDP","333","42934 → 3478 Len=291"
"113","1.455335","74.125.250.243","192.53.53.104","RTCP","110","Application specific   subtype=13"
"114","1.465424","192.53.53.104","74.125.250.243","UDP","274","42934 → 3478 Len=232"
"115","1.468651","192.53.53.104","74.125.250.243","RTCP","114","Receiver Report   "
"116","1.486710","192.53.53.104","74.125.250.243","UDP","238","42934 → 3478 Len=196"
"117","1.508267","192.53.53.104","74.125.250.243","UDP","227","42934 → 3478 Len=185"
"118","1.515319","74.125.250.243","192.53.53.104","RTCP","106","Application specific   subtype=13"
"119","1.529645","192.53.53.104","74.125.250.243","UDP","227","42934 → 3478 Len=185"
"120","1.545374","192.53.53.104","74.125.250.243","UDP","227","42934 → 3478 Len=185"
"121","1.557327","74.125.250.243","192.53.53.104","RTCP","110","Application specific   subtype=13"
"122","1.566591","192.53.53.104","74.125.250.243","UDP","260","42934 → 3478 Len=218"
"123","1.587916","192.53.53.104","74.125.250.243","UDP","294","42934 → 3478 Len=252"
"124","1.605390","74.125.250.243","192.53.53.104","RTCP","106","Application specific   subtype=13"
"125","1.609386","192.53.53.104","74.125.250.243","UDP","260","42934 → 3478 Len=218"
"126","1.610890","74.125.250.243","192.53.53.104","UDP","167","3478 → 42934 Len=125"
"127","1.611535","74.125.250.243","192.53.53.104","UDP","164","3478 → 42934 Len=122"
"128","1.624907","192.53.53.104","74.125.250.243","UDP","86","42934 → 3478 Len=44"
"129","1.625198","192.53.53.104","74.125.250.243","UDP","145","42934 → 3478 Len=103"
"130","1.629407","74.125.250.243","192.53.53.104","UDP","87","3478 → 42934 Len=45"
"131","1.631537","74.125.250.243","192.53.53.104","UDP","91","3478 → 42934 Len=49"
"132","1.646585","192.53.53.104","74.125.250.243","UDP","97","42934 → 3478 Len=55"
"133","1.659670","74.125.250.243","192.53.53.104","RTCP","110","Application specific   subtype=13"
"134","1.667936","192.53.53.104","74.125.250.243","UDP","97","42934 → 3478 Len=55"
"135","1.687418","192.53.53.104","74.125.250.243","UDP","86","42934 → 3478 Len=44"
"136","1.689188","192.53.53.104","74.125.250.243","UDP","97","42934 → 3478 Len=55"
"137","1.701006","74.125.250.243","192.53.53.104","RTCP","106","Application specific   subtype=13"
"138","1.705218","192.53.53.104","74.125.250.243","UDP","97","42934 → 3478 Len=55"
"139","1.726716","192.53.53.104","74.125.250.243","UDP","97","42934 → 3478 Len=55"
"140","1.748074","192.53.53.104","74.125.250.243","UDP","97","42934 → 3478 Len=55"
"141","1.751577","74.125.250.243","192.53.53.104","RTCP","110","Application specific   subtype=13"
"142","1.765549","192.53.53.104","74.125.250.243","RTCP","90","Receiver Report   Unknown   "
"143","1.769262","192.53.53.104","74.125.250.243","UDP","97","42934 → 3478 Len=55"
"144","1.785205","192.53.53.104","74.125.250.243","UDP","97","42934 → 3478 Len=55"
"145","1.800811","74.125.250.243","192.53.53.104","RTCP","106","Application specific   subtype=13"
"146","1.806598","192.53.53.104","74.125.250.243","UDP","95","42934 → 3478 Len=53"
"147","1.864556","74.125.250.243","192.53.53.104","RTCP","110","Application specific   subtype=13"
"148","1.991607","192.53.53.104","74.125.250.243","UDP","173","42934 → 3478 Len=131"
"149","2.009229","192.53.53.104","74.125.250.243","UDP","253","42934 → 3478 Len=211"
"150","2.025116","192.53.53.104","74.125.250.243","UDP","175","42934 → 3478 Len=133"
"151","2.031480","74.125.250.243","192.53.53.104","UDP","152","3478 → 42934 Len=110"
"152","2.034052","74.125.250.243","192.53.53.104","UDP","165","3478 → 42934 Len=123"
"153","2.046568","192.53.53.104","74.125.250.243","UDP","97","42934 → 3478 Len=55"
"154","2.056480","74.125.250.243","192.53.53.104","UDP","87","3478 → 42934 Len=45"
"155","2.056481","74.125.250.243","192.53.53.104","RTCP","106","Application specific   subtype=13"
"156","2.056481","74.125.250.243","192.53.53.104","UDP","91","3478 → 42934 Len=49"
"157","2.062339","192.53.53.104","74.125.250.243","UDP","90","42934 → 3478 Len=48"
"158","2.067881","192.53.53.104","74.125.250.243","UDP","216","42934 → 3478 Len=174"
"159","2.089323","192.53.53.104","74.125.250.243","UDP","324","42934 → 3478 Len=282"
"160","2.102755","74.125.250.243","192.53.53.104","RTCP","106","Application specific   subtype=13"
"161","2.105377","192.53.53.104","74.125.250.243","UDP","205","42934 → 3478 Len=163"
"162","2.126568","192.53.53.104","74.125.250.243","UDP","97","42934 → 3478 Len=55"
"163","2.144930","74.125.250.243","192.53.53.104","RTCP","322","Sender Report   Extended report (RFC 3611)   [Malformed Packet]"
"164","2.147988","192.53.53.104","74.125.250.243","UDP","175","42934 → 3478 Len=133"
"165","2.151427","74.125.250.243","192.53.53.104","RTCP","110","Application specific   subtype=13"
"166","2.169411","192.53.53.104","74.125.250.243","UDP","265","42934 → 3478 Len=223"
"167","2.185072","192.53.53.104","74.125.250.243","UDP","187","42934 → 3478 Len=145"
"168","2.201720","74.125.250.243","192.53.53.104","RTCP","106","Application specific   subtype=13"
"169","2.206421","192.53.53.104","74.125.250.243","UDP","97","42934 → 3478 Len=55"
"170","2.216695","74.125.250.243","192.53.53.104","UDP","720","3478 → 42934 Len=678"
"171","2.227849","192.53.53.104","74.125.250.243","UDP","97","42934 → 3478 Len=55"
"172","2.249150","192.53.53.104","74.125.250.243","UDP","97","42934 → 3478 Len=55"
"173","2.249802","192.53.53.104","74.125.250.243","UDP","86","42934 → 3478 Len=44"
"174","2.254038","74.125.250.243","192.53.53.104","RTCP","110","Application specific   subtype=13"
"175","2.265359","192.53.53.104","74.125.250.243","UDP","97","42934 → 3478 Len=55"
"176","2.286621","192.53.53.104","74.125.250.243","UDP","97","42934 → 3478 Len=55"
"177","2.301595","74.125.250.243","192.53.53.104","RTCP","106","Application specific   subtype=13"
"178","2.307903","192.53.53.104","74.125.250.243","UDP","97","42934 → 3478 Len=55"
"179","2.315198","74.125.250.243","192.53.53.104","UDP","163","3478 → 42934 Len=121"
"180","2.329258","192.53.53.104","74.125.250.243","UDP","97","42934 → 3478 Len=55"
"181","2.331685","74.125.250.243","192.53.53.104","UDP","175","3478 → 42934 Len=133"
"182","2.345234","192.53.53.104","74.125.250.243","UDP","97","42934 → 3478 Len=55"
"183","2.360388","74.125.250.243","192.53.53.104","UDP","162","3478 → 42934 Len=120"
"184","2.360388","74.125.250.243","192.53.53.104","RTCP","110","Application specific   subtype=13"
"185","2.366564","192.53.53.104","74.125.250.243","UDP","95","42934 → 3478 Len=53"
"186","2.374975","192.53.53.104","74.125.250.243","UDP","90","42934 → 3478 Len=48"
"187","2.377211","74.125.250.243","192.53.53.104","UDP","162","3478 → 42934 Len=120"
"188","2.391841","74.125.250.243","192.53.53.104","UDP","157","3478 → 42934 Len=115"
"189","2.402304","74.125.250.243","192.53.53.104","RTCP","106","Application specific   subtype=13"
"190","2.411776","74.125.250.243","192.53.53.104","UDP","161","3478 → 42934 Len=119"
"191","2.431637","74.125.250.243","192.53.53.104","UDP","156","3478 → 42934 Len=114"
"192","2.437417","192.53.53.104","74.125.250.243","UDP","90","42934 → 3478 Len=48"
"193","2.444192","74.125.250.243","192.53.53.104","UDP","165","3478 → 42934 Len=123"
"194","2.451839","74.125.250.243","192.53.53.104","UDP","163","3478 → 42934 Len=121"
"195","2.451840","74.125.250.243","192.53.53.104","RTCP","106","Application specific   subtype=13"
"196","2.479525","74.125.250.243","192.53.53.104","UDP","156","3478 → 42934 Len=114"
"197","2.479526","74.125.250.243","192.53.53.104","UDP","87","3478 → 42934 Len=45"
"198","2.491677","74.125.250.243","192.53.53.104","UDP","158","3478 → 42934 Len=116"
"199","2.499893","192.53.53.104","74.125.250.243","UDP","90","42934 → 3478 Len=48"
"200","2.518269","74.125.250.243","192.53.53.104","UDP","165","3478 → 42934 Len=123"
"201","2.531156","192.53.53.104","74.125.250.243","RTCP","114","Receiver Report   "
"202","2.531530","74.125.250.243","192.53.53.104","UDP","163","3478 → 42934 Len=121"
"203","2.551549","74.125.250.243","192.53.53.104","UDP","160","3478 → 42934 Len=118"
"204","2.562476","192.53.53.104","74.125.250.243","UDP","90","42934 → 3478 Len=48"
"205","2.581089","74.125.250.243","192.53.53.104","UDP","158","3478 → 42934 Len=116"
"206","2.591546","74.125.250.243","192.53.53.104","UDP","163","3478 → 42934 Len=121"
"207","2.611497","74.125.250.243","192.53.53.104","UDP","160","3478 → 42934 Len=118"
"208","2.624895","192.53.53.104","74.125.250.243","UDP","90","42934 → 3478 Len=48"
"209","2.631788","74.125.250.243","192.53.53.104","UDP","168","3478 → 42934 Len=126"
"210","2.651703","74.125.250.243","192.53.53.104","UDP","158","3478 → 42934 Len=116"
"211","2.671627","74.125.250.243","192.53.53.104","UDP","165","3478 → 42934 Len=123"
"212","2.687375","192.53.53.104","74.125.250.243","UDP","90","42934 → 3478 Len=48"
"213","2.693798","74.125.250.243","192.53.53.104","UDP","156","3478 → 42934 Len=114"
"214","2.712030","74.125.250.243","192.53.53.104","UDP","165","3478 → 42934 Len=123"
"215","2.731843","74.125.250.243","192.53.53.104","UDP","164","3478 → 42934 Len=122"
"216","2.749892","192.53.53.104","74.125.250.243","UDP","90","42934 → 3478 Len=48"
"217","2.751699","74.125.250.243","192.53.53.104","UDP","165","3478 → 42934 Len=123"
"218","2.766655","192.53.53.104","74.125.250.243","UDP","188","42934 → 3478 Len=146"
"219","2.771775","74.125.250.243","192.53.53.104","UDP","163","3478 → 42934 Len=121"
"220","2.787855","192.53.53.104","74.125.250.243","UDP","193","42934 → 3478 Len=151"
"221","2.791579","74.125.250.243","192.53.53.104","UDP","149","3478 → 42934 Len=107"
"222","2.811614","74.125.250.243","192.53.53.104","UDP","151","3478 → 42934 Len=109"
"223","2.812364","192.53.53.104","74.125.250.243","UDP","90","42934 → 3478 Len=48"
"224","2.833570","74.125.250.243","192.53.53.104","UDP","153","3478 → 42934 Len=111"
"225","2.852124","74.125.250.243","192.53.53.104","UDP","164","3478 → 42934 Len=122"
"226","2.852125","74.125.250.243","192.53.53.104","RTCP","106","Application specific   subtype=13"
"227","2.874906","192.53.53.104","74.125.250.243","UDP","86","42934 → 3478 Len=44"
"228","2.880884","74.125.250.243","192.53.53.104","UDP","167","3478 → 42934 Len=125"
"229","2.880884","74.125.250.243","192.53.53.104","UDP","153","3478 → 42934 Len=111"
"230","2.888264","74.125.250.243","192.53.53.104","UDP","87","3478 → 42934 Len=45"
"231","2.891982","74.125.250.243","192.53.53.104","UDP","152","3478 → 42934 Len=110"
"232","2.911576","74.125.250.243","192.53.53.104","UDP","150","3478 → 42934 Len=108"
"233","2.932408","74.125.250.243","192.53.53.104","UDP","158","3478 → 42934 Len=116"
"234","2.937391","192.53.53.104","74.125.250.243","UDP","90","42934 → 3478 Len=48"
"235","2.952093","74.125.250.243","192.53.53.104","UDP","156","3478 → 42934 Len=114"
"236","2.975286","74.125.250.243","192.53.53.104","UDP","91","3478 → 42934 Len=49"
"237","2.999878","192.53.53.104","74.125.250.243","UDP","86","42934 → 3478 Len=44"
"238","3.187795","192.53.53.104","74.125.250.243","UDP","90","42934 → 3478 Len=48"
"239","3.197257","74.125.250.243","192.53.53.104","RTCP","322","Sender Report   "
"240","3.209155","192.53.53.104","74.125.250.243","UDP","95","42934 → 3478 Len=53"
"241","3.214741","74.125.250.243","192.53.53.104","UDP","722","3478 → 42934 Len=680"
"242","3.249906","192.53.53.104","74.125.250.243","UDP","86","42934 → 3478 Len=44"
"243","3.252709","74.125.250.243","192.53.53.104","RTCP","106","Application specific   subtype=13"
"244","3.265516","192.53.53.104","74.125.250.243","RTCP","114","Receiver Report   "
"245","3.289217","74.125.250.243","192.53.53.104","UDP","165","3478 → 42934 Len=123"
"246","3.312002","74.125.250.243","192.53.53.104","UDP","87","3478 → 42934 Len=45"
"247","3.312368","192.53.53.104","74.125.250.243","UDP","86","42934 → 3478 Len=44"
"248","3.347084","74.125.250.243","192.53.53.104","UDP","1039","3478 → 42934 Len=997"
"249","3.373683","74.125.250.243","192.53.53.104","UDP","156","3478 → 42934 Len=114"
"250","3.374963","192.53.53.104","74.125.250.243","UDP","86","42934 → 3478 Len=44"
"251","3.381277","74.125.250.243","192.53.53.104","UDP","1038","3478 → 42934 Len=996"
"252","3.391786","74.125.250.243","192.53.53.104","UDP","91","3478 → 42934 Len=49"
"253","3.437532","192.53.53.104","74.125.250.243","UDP","86","42934 → 3478 Len=44"
"254","3.448239","74.125.250.243","192.53.53.104","UDP","977","3478 → 42934 Len=935"
"255","3.499918","192.53.53.104","74.125.250.243","UDP","86","42934 → 3478 Len=44"
"256","3.609143","192.53.53.104","74.125.250.243","UDP","90","42934 → 3478 Len=48"
"257","3.625106","192.53.53.104","74.125.250.243","UDP","95","42934 → 3478 Len=53"
"258","3.653420","74.125.250.243","192.53.53.104","RTCP","106","Application specific   subtype=13"
"259","3.677025","192.53.53.104","157.240.211.1","TLSv1.2","98","Application Data"
"260","3.709027","157.240.211.1","192.53.53.104","TCP","66","443 → 56520 [ACK] Seq=1 Ack=33 Win=294 Len=0 TSval=291722226 TSecr=2186619150"
"261","3.709077","74.125.250.243","192.53.53.104","RTCP","106","Application specific   subtype=13"
"262","3.709078","74.125.250.243","192.53.53.104","UDP","164","3478 → 42934 Len=122"
"263","3.726013","74.125.250.243","192.53.53.104","UDP","87","3478 → 42934 Len=45"
"264","3.749904","192.53.53.104","74.125.250.243","UDP","86","42934 → 3478 Len=44"
"265","3.791578","74.125.250.243","192.53.53.104","UDP","165","3478 → 42934 Len=123"
"266","3.811644","74.125.250.243","192.53.53.104","UDP","91","3478 → 42934 Len=49"
"267","3.812420","192.53.53.104","74.125.250.243","UDP","86","42934 → 3478 Len=44"
"268","3.869168","157.240.211.1","192.53.53.104","TLSv1.2","94","Application Data"
"269","3.869190","192.53.53.104","157.240.211.1","TCP","66","56520 → 443 [ACK] Seq=33 Ack=29 Win=501 Len=0 TSval=2186619342 TSecr=291722390"
"270","3.890841","192.53.53.104","74.125.250.243","STUN","166","Binding Request user: gKr-PsS_9qryeAoKAAiKYigCIAQQ:Pk2y"
"271","3.926621","74.125.250.243","192.53.53.104","STUN","106","Binding Success Response XOR-MAPPED-ADDRESS: 118.71.137.48:7744"
"272","4.025868","192.53.53.104","74.125.250.243","UDP","90","42934 → 3478 Len=48"
"273","4.047260","192.53.53.104","74.125.250.243","UDP","95","42934 → 3478 Len=53"
"274","4.079750","192.53.53.104","157.240.211.1","TLSv1.2","98","Application Data"
"275","4.079900","192.53.53.104","157.240.211.1","TLSv1.2","98","Application Data"
"276","4.093854","192.53.53.104","74.125.250.243","RTCP","114","Receiver Report   "
"277","4.102407","157.240.211.1","192.53.53.104","TCP","66","443 → 40118 [ACK] Seq=1 Ack=33 Win=509 Len=0 TSval=3379753642 TSecr=2186619552"
"278","4.103693","74.125.250.243","192.53.53.104","RTCP","106","Application specific   subtype=13"
"279","4.103700","157.240.211.1","192.53.53.104","TCP","66","443 → 46164 [ACK] Seq=1 Ack=33 Win=321 Len=0 TSval=3811877469 TSecr=2186619553"
"280","4.146203","74.125.250.243","192.53.53.104","UDP","164","3478 → 42934 Len=122"
"281","4.146205","74.125.250.243","192.53.53.104","RTCP","322","Sender Report   "
"282","4.147976","74.125.250.243","192.53.53.104","UDP","87","3478 → 42934 Len=45"
"283","4.163270","192.53.53.104","142.250.76.234","UDP","71","58067 → 443 Len=29"
"284","4.187484","192.53.53.104","74.125.250.243","UDP","86","42934 → 3478 Len=44"
"285","4.199243","142.250.76.234","192.53.53.104","UDP","67","443 → 58067 Len=25"
"286","4.220035","74.125.250.243","192.53.53.104","UDP","160","3478 → 42934 Len=118"
"287","4.231641","74.125.250.243","192.53.53.104","UDP","91","3478 → 42934 Len=49"
"288","4.250102","192.53.53.104","74.125.250.243","UDP","86","42934 → 3478 Len=44"
"289","4.267437","157.240.211.1","192.53.53.104","TLSv1.2","94","Application Data"
"290","4.267478","192.53.53.104","157.240.211.1","TCP","66","40118 → 443 [ACK] Seq=33 Ack=29 Win=4363 Len=0 TSval=2186619740 TSecr=3379753806"
"291","4.271765","157.240.211.1","192.53.53.104","TLSv1.2","94","Application Data"
"292","4.271786","192.53.53.104","157.240.211.1","TCP","66","46164 → 443 [ACK] Seq=33 Ack=29 Win=481 Len=0 TSval=2186619744 TSecr=3811877637"
"293","4.447047","192.53.53.104","74.125.250.243","UDP","90","42934 → 3478 Len=48"
"294","4.468603","192.53.53.104","74.125.250.243","UDP","95","42934 → 3478 Len=53"
"295","4.507610","74.125.250.243","192.53.53.104","RTCP","106","Application specific   subtype=13"
"296","4.550759","74.125.250.243","192.53.53.104","UDP","169","3478 → 42934 Len=127"
"297","4.554756","74.125.250.243","192.53.53.104","UDP","999","3478 → 42934 Len=957"
"298","4.562563","192.53.53.104","74.125.250.243","UDP","86","42934 → 3478 Len=44"
"299","4.569037","74.125.250.243","192.53.53.104","UDP","87","3478 → 42934 Len=45"
"300","4.625096","192.53.53.104","74.125.250.243","UDP","86","42934 → 3478 Len=44"
"301","4.631900","74.125.250.243","192.53.53.104","UDP","157","3478 → 42934 Len=115"
"302","4.654428","74.125.250.243","192.53.53.104","UDP","91","3478 → 42934 Len=49"
"303","4.671942","192.53.53.104","74.125.250.243","RTCP","114","Receiver Report   "
"304","4.687600","192.53.53.104","74.125.250.243","UDP","86","42934 → 3478 Len=44"
"305","4.767385","74.125.250.243","192.53.53.104","UDP","1013","3478 → 42934 Len=971"
"306","4.790801","74.125.250.243","192.53.53.104","UDP","991","3478 → 42934 Len=949"
"307","4.791539","74.125.250.243","192.53.53.104","UDP","159","3478 → 42934 Len=117"
"308","4.812534","192.53.53.104","74.125.250.243","UDP","90","42934 → 3478 Len=48"
"309","4.815300","74.125.250.243","192.53.53.104","UDP","174","3478 → 42934 Len=132"
"310","4.834357","74.125.250.243","192.53.53.104","UDP","150","3478 → 42934 Len=108"
"311","4.852480","74.125.250.243","192.53.53.104","UDP","153","3478 → 42934 Len=111"
"312","4.868023","74.125.250.243","192.53.53.104","UDP","966","3478 → 42934 Len=924"
"313","4.868695","192.53.53.104","74.125.250.243","UDP","90","42934 → 3478 Len=48"
"314","4.871772","74.125.250.243","192.53.53.104","UDP","157","3478 → 42934 Len=115"
"315","4.875117","192.53.53.104","74.125.250.243","UDP","90","42934 → 3478 Len=48"
"316","4.890244","192.53.53.104","74.125.250.243","UDP","95","42934 → 3478 Len=53"
"317","4.891634","74.125.250.243","192.53.53.104","UDP","163","3478 → 42934 Len=121"
"318","4.905059","74.125.250.243","192.53.53.104","RTCP","106","Application specific   subtype=13"
"319","4.919708","74.125.250.243","192.53.53.104","UDP","158","3478 → 42934 Len=116"
"320","4.936790","74.125.250.243","192.53.53.104","UDP","155","3478 → 42934 Len=113"
"321","4.937398","192.53.53.104","74.125.250.243","UDP","90","42934 → 3478 Len=48"
"322","4.945627","192.53.53.104","142.250.198.110","UDP","762","40867 → 443 Len=720"
"323","4.951549","74.125.250.243","192.53.53.104","UDP","154","3478 → 42934 Len=112"
"324","4.954839","74.125.250.243","192.53.53.104","RTCP","106","Application specific   subtype=13"
"325","4.970419","74.125.250.243","192.53.53.104","UDP","162","3478 → 42934 Len=120"
"326","4.971807","74.125.250.243","192.53.53.104","UDP","152","3478 → 42934 Len=110"
"327","4.978468","142.250.198.110","192.53.53.104","UDP","73","443 → 40867 Len=31"
"328","4.984711","192.53.53.104","142.250.198.110","UDP","75","40867 → 443 Len=33"
"329","4.988384","74.125.250.243","192.53.53.104","UDP","87","3478 → 42934 Len=45"
"330","4.991864","74.125.250.243","192.53.53.104","UDP","157","3478 → 42934 Len=115"
"331","4.999928","192.53.53.104","74.125.250.243","UDP","90","42934 → 3478 Len=48"
"332","5.000055","74.125.250.243","192.53.53.104","UDP","684","3478 → 42934 Len=642"
"333","5.003656","74.125.250.243","192.53.53.104","UDP","684","3478 → 42934 Len=642"
"334","5.008641","142.250.198.110","192.53.53.104","UDP","1292","443 → 40867 Len=1250"
"335","5.009789","142.250.198.110","192.53.53.104","UDP","1287","443 → 40867 Len=1245"
"336","5.009789","142.250.198.110","192.53.53.104","UDP","1292","443 → 40867 Len=1250"
"337","5.009789","142.250.198.110","192.53.53.104","UDP","159","443 → 40867 Len=117"
"338","5.009789","142.250.198.110","192.53.53.104","UDP","288","443 → 40867 Len=246"
"339","5.013068","74.125.250.243","192.53.53.104","UDP","91","3478 → 42934 Len=49"
"340","5.015308","192.53.53.104","142.250.198.110","UDP","80","40867 → 443 Len=38"
"341","5.040390","74.125.250.243","192.53.53.104","UDP","711","3478 → 42934 Len=669"
"342","5.048656","142.250.198.110","192.53.53.104","UDP","68","443 → 40867 Len=26"
"343","5.062596","192.53.53.104","74.125.250.243","UDP","90","42934 → 3478 Len=48"
"344","5.075048","74.125.250.243","192.53.53.104","UDP","1001","3478 → 42934 Len=959"
